INSERT INTO `questions` (`question_id`,`text`) VALUES (100000,'5uHDnydmrgeJaeHt2LcVjYV616YL0yAXjKixkcJPATNN2fNiEvJgsBl4Onx6c1cApSKsw3tsZI6LEImSrv2E44VrEYxzmsFOOql1XMLAii8Q5DfKQMTZVVCgBLUfwiiiYRLBWQLJwM1gFGfSmxtp4RQ0vvncQTOKpqKp2r4M');
INSERT INTO `questions` (`question_id`,`text`) VALUES (100001,'dyKzYIU3XtEjsHBTSNGkLwCH5q2ZfV6sFTJ7JAH4W7zDjiTaAdvR3KMcthKW');
INSERT INTO `questions` (`question_id`,`text`) VALUES (100002,'IR1QWj6z4kTyoqFdt03jx4zKecUUyukwuxNXZV5alDVC5JZSIxCITuvYD0F1yzvmt7dKD36JZ6wqGffkj3TsQ3Pkc1fqXvG1VcLfVRx4bPTGPjaiDwlNlAsHs5MhSe3Dh7HsQJLPFXP71gUpVHerXLC6mSpc');
INSERT INTO `questions` (`question_id`,`text`) VALUES (100003,'0LedM5zi7o8uMZ');
INSERT INTO `questions` (`question_id`,`text`) VALUES (100004,'LktAInul0yheWR5vTpIDtW7k582pIaYHgvbCWsT2aCME6iqNh8Se7MVPnKDH7rTIRd1pKSBrHiiWXogAFgqtZPwGEcxMO1btRjVckJp2NK8B3pF53WFF5JMBPnlIZw6EdVguBwkQYQFwHVjOfrjMCCqgPSsxi1txPCy');
INSERT INTO `questions` (`question_id`,`text`) VALUES (100005,'DHROymFfTZgECpQ2f51eN85nE0SHR8yrXjGrcr1oeFCoFGIi3XvayN0ONbD3Z8CW82gAOwUaasan3hMwdn6IA');
INSERT INTO `questions` (`question_id`,`text`) VALUES (100006,'Ikn2aVptPNZdkZWgpb5rBRIvcjiEX2rv6HA0mYWlHFdcm7a4AWD8iqOs6AEim1A5bTeLASzToYs7BDxYeGJKF61Kb6GepeBXnoOqwrmkNokkg5qXqqM77XzDav1QCBLW5SsdydxqQQX6trLDvt3YBdZEFr87JU21kAiNjXSBTbOdf7');
INSERT INTO `questions` (`question_id`,`text`) VALUES (100007,'mhy8i2E4TevO11nfaqmMni2VPbsbZfSFSs7bAtuAKcZ13MUoXwq5Thtk8huPMiXaeqdOZhyQ5WM2kZ4TlP7jHngUEoAggApcLM7fbWCyL8mkVkESXgI1Ux');
INSERT INTO `questions` (`question_id`,`text`) VALUES (100008,'1s1hod3z8wfygvZ3imTcWKK5hl4P8D3rGiiXZIMCxR37LUhSutkJEM48DQNSyStTi8nwjON0t8yL8XfQUOUFiExdm1IVVyMQYlwqPrNMcFdtY47hNYfT3W7qZD447KzX8ko2kbn0CMtvq61nQzpZqimCs7dQHpGJJ7L4HbG5n');
INSERT INTO `questions` (`question_id`,`text`) VALUES (100009,'VDnZnOGoq7xxMJCm3batp2KpSOZQcwZL0TCgyM00h5RE84qC3Y3pubrbQcsm');
INSERT INTO `questions` (`question_id`,`text`) VALUES (100010,'4ZYwhWbOJjdpYZmfEVimaPo5AL7DqQKGcNwnM7pY8uA1LoPnfIX5vwKixHqYvOhD317QMwTLqIjbXv2e7izxLxDgBVcfmnEStsv2QOWrvKsQ30XdmVDVICD4S4AHkEkgfOm1RJqQoGiGSJaTolNBLNY2L1iHj6sHFsFVEZs1ZWPTRLAaP2zf0se');
INSERT INTO `questions` (`question_id`,`text`) VALUES (100011,'IbuNLBoJRCMnIjeE8wMffR8qusZduLqqBsQOhFDSVEwCEqScyc54Lp0n7lehxUh8H3CoYVHcUBTcF0qBGlHI8HgjzVbaw2A3LsSFckVnY10NpqlpJKGNaJFapKgilz241AuqLNwNRp4kHCPVObfcIIidmRzA4R7dQDj7X24kwOBiUZ8serWIPhge3rDvlzXqpCNiKAOqGU1eKDG3lQgFNOy8zVnAE2oJoWkM6CUCC3XyMbLP3adK84');
INSERT INTO `questions` (`question_id`,`text`) VALUES (100012,'MhUpZoI8J1r3veq48H8vHpdb4C1CF4RVrsIHASCjYh3ZCDYcSUUMEOQBZk');
INSERT INTO `questions` (`question_id`,`text`) VALUES (100013,'uaGymSTPwh1k3KPkP6Ih7anXF');
INSERT INTO `questions` (`question_id`,`text`) VALUES (100014,'ASs3icoNkkduWBRsYq07YWqAZ1nChzEsWIZcQiPquxMHs1HaVeuquOcjzZBo3xhp4sJuKV13UsTrX2mkSLDGNVKxY33UpbhWRKlj0XkPiUMPynN7RAQBYg58KpMVOR6ngTMea');
INSERT INTO `questions` (`question_id`,`text`) VALUES (100015,'C2OJuuwvjqPcUmn4Hkn5vvKiuH4iIHxBoYKV7ihkmEK66Oi1zejQJh7dZz3vZYnn28IIKGnrpXcYCcJrw7iT');
INSERT INTO `questions` (`question_id`,`text`) VALUES (100016,'wGopSggZ6MkxGaRrv6wGDObr8TvZO0Lf07Z2gI30YYDYJMLhQzqvayu0CvHodSnWT7xVaaXmCGYju8diDZkqZzmlrRVHqORIhGD4ZemVv36sLoR5xQIYuhjTknRPquGze2NGOLGcwk8Sf');
INSERT INTO `questions` (`question_id`,`text`) VALUES (100017,'MYEm8olUBI7iR0wKcrznPADETRIdIJtlkaIGgnLRbDL7EhJeDDo08DgooPMEYzAuRXH8vetwP1fLrkY1kboVS4qg7r1kCu5R1GUp3unZiRdUMgVpBpISE122DvGfiYyJYKxXN2tMqFT2caH4QviH8aa445ckzKMugx4xA7CsvIwXt3ubw3hpiXEZ0jiByGNgUmLktpIkAQXQEq22ga0pd0KQHVhPyrRCSbJ1DOZhhYCS20G6xuTH');
INSERT INTO `questions` (`question_id`,`text`) VALUES (100018,'5aHVeuL6noUnamzrUw3o');
INSERT INTO `questions` (`question_id`,`text`) VALUES (100019,'gnLI1acogPqZW0NYiBh4');
INSERT INTO `questions` (`question_id`,`text`) VALUES (100020,'QTgwHPKmDsvxkj6CzqhCGLkW5SLVZTGDPfIf457hYDHboXLTlL3vOmMWOshK0dbsdSPz3jRdgBzXfQl6aDi0MJ68qCSO0XDpGbcsvsHhpxA3snN5oUvD5GmwaMmtMAK6R6vk7ZfLhqMnuNjwY7HJd0zXDqftzwJMlRGDfEyjoVnVnXzDXsSDNj8COoGEavW24CXMUxT1y3FN2dWqYydP6xe5Vjx');
INSERT INTO `questions` (`question_id`,`text`) VALUES (100021,'GNOwkvXugZ4NwX5hBp3gYcwhO7xYNF2mWFn6QUfsYAoVE5J3CUKdFla7OY');
INSERT INTO `questions` (`question_id`,`text`) VALUES (100022,'qXL7sA5olAsgmRdoJAjzLCdSG67gSZCQlcsjKO0Dmo7mLycfMjZfKsqppDocFCwzS81QxsmPIUj2Dfj405O05NZFt6fiyg6PRL0sbGGmLWulaDFtJJaHPMipFmnLOOZnZhmgzDUzMDgVe8FLAzsa1B1T2PUBji8jS08lHu6kSqoeWMNjdsmBiHAlKfpI8pC3PYkptRBeOD6gfSjjmz2yKV53VaIGrCFkYNpUpI3ttKPtLSWDYnMIo1mEHRHx');
INSERT INTO `questions` (`question_id`,`text`) VALUES (100023,'qIJPeJgKReFlPIV6yxRtZJK5tUMJzflOC3DjqswP05VlKpuEizhwkuiZ2CZr5UBA0F3QkiZGDjz4ZvjxLjPAS2vjhYOZNJSp7rPdeas6pH');
INSERT INTO `questions` (`question_id`,`text`) VALUES (100024,'Nm0rlCTWc8ywkmpTDIY7YJ66yehfOsXEYDqZFrCwfj6GFi8YbBWKEROD2XQHAMtUcW3ifgzVn755znkcRTHumKSEXjeWzGtCWecYW1VREhJWzXjEhSu7xFfOpkOnqIh0MLNLvmxik2tMLeio1jzGVm8z1dJQtB7px7YoIdY5yciVKR7bkCSw3t8brqvT7oDNObz');
INSERT INTO `questions` (`question_id`,`text`) VALUES (100025,'sRvYmJu7IX38cO8mnYLGocHTgFTV8JMQqcbAiFRtO16YGspZIApc4Y6bYC1L6NbAvMRkmI4CajuhJxRvgqH2TWKoEn5yOX6EoMt2BmlMMZkzX2ig1xsqxJFK2B1yCJj7Np8wa2J7pYmU7B1XUy8');
INSERT INTO `questions` (`question_id`,`text`) VALUES (100026,'aRKoGSNKb4LUREUUGgv6ZpcUkgf3CD1yuFwnG1NK82WoXxWIBbBIxHMJRQmuVgrBOJ3I6w4Ardhf0h6EQ2JUZWJaoBbcxtdSzX3AA1uGMOGCAOJ5L73JNfAML4KoZdEUmAXSXFl4W13zxYC2pWU1IpfQRWZW5Im0kSnJK');
INSERT INTO `questions` (`question_id`,`text`) VALUES (100027,'ndBi3MwgCYIN135NpcUgYMm5isG273ZZfyGEl2sCJktdmSio7BZgXcgiexAuBcjQP3AsmT6ww1av01jQfV3P3TeHomTSRaCVfCeLkhqBGzJLuOHQxeATubrpBVtcZTN8MOdGGdAM8MZlhPHhCrsmaAy33iv6UEePy3sK77PHN6CVDNJb2i4MHfUhLjXJqhoTPf0LbFbMRESUKggKeh1W11xxeQ7EIr3u0F7HZM7GHmvRgZ');
INSERT INTO `questions` (`question_id`,`text`) VALUES (100028,'UTh4tJJehrwqCJrguWprLAL7QPuWgizjYTKVGVxX5WZhMgErSBQRpd6Tl0iHtE4aLg5qlU6sjlIbWoUnpv5RcYHzlSzo0SIbS0t6g8gS6fJQtOTvDR3y3dPKvcVhotsBwW4MM3v0FdDKN3SpzRcpRD2Pcu5CtA1QsyaHFXtb0Za4QLpq2Gwb60zm4xbNRyFjZXaxlLOa8CktkMQjWfWljGufL3rV');
INSERT INTO `questions` (`question_id`,`text`) VALUES (100029,'KUEJmiTAGPNvGlEndZvQv4gOU7GgfyQpCDgW84GTpnTpjCXQwmVJgYbuDd30y7BgM80BzksrRV4WMY7JHCuR2eZkMPX0ZvxWFLJ6gGgYFwWgaAboCs7QmuoFXmOm4jKVp5sRYkBfk35cmnGxieiOCrh1GRkOB3w5RCMc0iLJMV2PhIZYJJck5qICUonkwVDaqbj476GOvEcUX2');
INSERT INTO `questions` (`question_id`,`text`) VALUES (100030,'IKOOmB1vxtfwmDHjmk3p6EkrDHz6CYA45ArJpfkMGJyBGsS6htYgO3mhVjd4LTuAN5SNtqG67EDeHF1t4xmxz0bbocYwJdrhwOJrp3fTHfdY5EezjhNbuBwm0BiD3YQT4TZPCG1ulWZF2U5KVp5vjs3izhEJQNmkS5jHH4cgRcFmVsHSSFqxTbbp8qELl5Y0BxLKwlost01nMgAHITkQ1XP6TyOMcoWM0lGucnRr8P1Li3x68Je33');
INSERT INTO `questions` (`question_id`,`text`) VALUES (100031,'vVDsLKvogpZGAvPLnVzMSuA5CXqnIeEdbCjXWPwopwuErurCGazFOMuEyXlqodBKt0R2Hz0XZrf5S7E6NVxLZNnuJ5fiu0AxOCWW6lztBo7UMK4Jst1UGRo3jFZYCI1pMoU4lILFQY61xp4kMjSax0NnVTTa');
INSERT INTO `questions` (`question_id`,`text`) VALUES (100032,'1yjAcpPgSxE5XxNHdcrSRzExI2IETXzGUrGzH6xMFf64Z6mYNEhuA58KXFCC5nxSlwxfsJNGbmrkJk3Ru5eKvI6ehj6RE8NCqOdxChnVuBtosECfoNSIvczmc2QSwKSU');
INSERT INTO `questions` (`question_id`,`text`) VALUES (100033,'JpmsGiMLaN1rfFbsArU8JLWqE6m3bJzrNqq7yK4HdAsU7nHTrQxWyYjH0VRXTlPRKOmU1DHwWt7iZyBEQZnVpXYR0SAToBCwUIJrEegcbmELfqEIv724JdxtuIMnr2v30GJSWCj2cjuTKAng0wNIAlnF');
INSERT INTO `questions` (`question_id`,`text`) VALUES (100034,'fPyFz0RFUqtPQ6bPHS7sUcalC2a4f3rb');
INSERT INTO `questions` (`question_id`,`text`) VALUES (100035,'mR5pLufC8iKh8dfaqqhKtwRtSs2MOGsvdNSSUkx5Vl1dAhjLUZofcOAFhCNKPWZliL6iXUuUl7f6RtGVKJLl7AdhN7fuH6s0Iu6zqYt8alt33KafcJURZyjAoSGqozT3ssarB3uXMzMyS1UvR3ZQT8ojZv5yJgOX5IMvXTU');
INSERT INTO `questions` (`question_id`,`text`) VALUES (100036,'T0oz1XkwWBprynO37X5ZF7paey0REawIuAGtTf3mMd');
INSERT INTO `questions` (`question_id`,`text`) VALUES (100037,'WxEGw4uLwVn6b6eL0Y0GabqjYXDVjTh62oQ8iQAEXQ6Yrm7S');
INSERT INTO `questions` (`question_id`,`text`) VALUES (100038,'OO4jNW8IY8sJUQa3vOQFpsEmnFklmZkfgnG8Jr5');
INSERT INTO `questions` (`question_id`,`text`) VALUES (100039,'tMdzcYss4lzqWKfseySKhOsudUoT8BmRkl4sADeFZrzOEBz7dmLxmqmtof7MYUMGUugNahvnZmUDp6TbkmZSL3HALVfyNMVwJU8ajpQX27WWsEGKpnHUhRxxHHkdfg67pQ0FcWdgiQ3hwWN6ghQWxhboLxqoV7dS0kRiyOfOQPddM1a0QTBfUtWiAxOVmdRXdyz3Tj');
INSERT INTO `questions` (`question_id`,`text`) VALUES (100040,'GNj6mHI7CsaRoZuNUexI8H064oWZBNHRGlmf7geK1E3w6t2WMMe7O6L2zpUrwIsy13rm3rM66L5324gMZCjshmnH0sinfEOD0GhbsmsWI6tTP5zhoF27X6c0sXUNPS21xDszZcsrMFGwotFRyh1RXjVpS0JjFkOhg1uBRGCCBNGFiRqe');
INSERT INTO `questions` (`question_id`,`text`) VALUES (100041,'EfjMC0bswyPEtxVLYx2g6JCtqSvODAwtythSJWYSkCRIBhfpFj3CIIc5jSi4hMgkqSCIqzGcdmONAKMevnF2IK3RovJizArWuiOpWwtUMgvJVQFpMhkgMErmKiNUy6UGj4KNU8p8CehqeEhEdYvTr0RdPKy8ynchmWZ7YQmkodUyha3uD0NjAVe70A6CyL0JEfY4QQOFYJvHPkYWzywiD7ZPaZBDie8ZcVx5i0');
INSERT INTO `questions` (`question_id`,`text`) VALUES (100042,'rreN8WNStQyHUu7KPDL2LUBbkeM1kuQMomv1HPpbKfC3qLagg5LbK2ChQTudoLKrhLbc136Db1fd55CKYgEzHerUILnZFiegR');
INSERT INTO `questions` (`question_id`,`text`) VALUES (100043,'zqpHgNfJRTK8BKedgDayyKiKAb3uFXPUtWIbvyS2CrD0o5ft6odQF82RJz8cIaq3egTVqioCvOqxEfuIyPfHCaVtZd0fAu5rhZ63pzADOue5zUE0HUoX4J6U0eY3RvhZjllwoL7ZVi46wqCCxTlMNGL5hgMzK2YfjtbKD7QRPEBEC3fUk1Y');
INSERT INTO `questions` (`question_id`,`text`) VALUES (100044,'IBFcfPJoFCqhqpRVAbboEnCjPSG4k5trTTW2yk40QgLiCUxxv3QuuI07jJKjK0HMnXyFx4kHtDcFTeoLPuvLg5t4RBGxRJTq');
INSERT INTO `questions` (`question_id`,`text`) VALUES (100045,'hKCEWRPnEhoDEUIsgsmG7xjZVETonaqShHnygdctbIWfQFKYiuIkRA1cSMOZBXDwKIH0wuROpw34Twc');
INSERT INTO `questions` (`question_id`,`text`) VALUES (100046,'zUOrDGnWvs3qFN4PsyBU6LkaLab5rG2i4r1qwbjwlAmoI');
INSERT INTO `questions` (`question_id`,`text`) VALUES (100047,'aF4g66PDVrpsktWwqFCY5kDTF0V1W8wJ45XacwBkMaDqRG2eGch5grNLYAbU57EMeWdjdZ6p8lYdnGWr');
INSERT INTO `questions` (`question_id`,`text`) VALUES (100048,'aEYgDbLPJL');
INSERT INTO `questions` (`question_id`,`text`) VALUES (100049,'lesuAIbyZpKSSuli6Ao3FbuJQxmpzWFTECcj74yQgmdeB8SLDPN1dPUyzSRI86tc3zeACPZh6Z1JEjfVcjlGZHKUE7UWPauDObgB20mLaWD0gwwJA5dEU5zrvw0x207c4jXwTnVjd3ZZYdtPvmy4u5P3DmaFRDejwMn1wgdWcOMTTOOkaimujPQYV1AXD2BCxOX');



INSERT INTO `users` (`user_id`,`email`,`username`,`password`) VALUES (100000,'Brent.Davis3@msn.com','Tommy2','i7hWIeN8w28vxDE4GdY2yR6IX0hbg');
INSERT INTO `users` (`user_id`,`email`,`username`,`password`) VALUES (100001,'FrankMillikin@aol.com','Kaylee6','duN4Do');
INSERT INTO `users` (`user_id`,`email`,`username`,`password`) VALUES (100002,'V.Brown3@dolfijn.org','Ellie75','PYgTp0NELYCIHVPobGQsA0zHhq6m');
INSERT INTO `users` (`user_id`,`email`,`username`,`password`) VALUES (100003,'BillFranklin@libero.it','Esther64','kZWVT451nJVcJV6O58dksigGHKitTe');
INSERT INTO `users` (`user_id`,`email`,`username`,`password`) VALUES (100004,'Dave.Ecchevarri4@live.cc','Marek6','ymRwwysTeSZ0468C3jo');
INSERT INTO `users` (`user_id`,`email`,`username`,`password`) VALUES (100005,'Nick.Stockton2@weboffice.co.uk','Jose','I4E8VR5');
INSERT INTO `users` (`user_id`,`email`,`username`,`password`) VALUES (100006,'Brent.Angarano@kpn.nl','Tinus272','MGFMPzmPV1qykRSxwHEgwo');
INSERT INTO `users` (`user_id`,`email`,`username`,`password`) VALUES (100007,'K.Wilson@excite.co.uk','Joost44','umRMH3xDhQs00');
INSERT INTO `users` (`user_id`,`email`,`username`,`password`) VALUES (100008,'Hank.DelRosso@telefonica.fr','George','VuauKcQwF');
INSERT INTO `users` (`user_id`,`email`,`username`,`password`) VALUES (100009,'GHeyn@telefonica.it','Nate','FvYse8ekea85wz3EI718vaAZpltUhb5');
INSERT INTO `users` (`user_id`,`email`,`username`,`password`) VALUES (100010,'TreesHarder1@aol.com','Rachael','b0eHxhwvBE6sX41oDRqSm2dRUreP1it');
INSERT INTO `users` (`user_id`,`email`,`username`,`password`) VALUES (100011,'Freddy.Liddle@kpn.cc','Lu1','CjkDodk');
INSERT INTO `users` (`user_id`,`email`,`username`,`password`) VALUES (100012,'TonHendrix3@mymail.ca','Cian063','eSupzsH2aIvWtpEULYmfRLlhvk');
INSERT INTO `users` (`user_id`,`email`,`username`,`password`) VALUES (100013,'MStannard1@libero.de','Bertje038','sZRAKwG5');
INSERT INTO `users` (`user_id`,`email`,`username`,`password`) VALUES (100014,'MPaul1@telefonica.dk','Henk9','KF08kC');
INSERT INTO `users` (`user_id`,`email`,`username`,`password`) VALUES (100015,'IEvans3@telfort.cc','Fons','RH1zMjOgmTGYzgYcNQHswaO4WAIHaB');
INSERT INTO `users` (`user_id`,`email`,`username`,`password`) VALUES (100016,'TreesKnopp@freeweb.ca','Charles','uvY6VowIMw8Ejrcf');
INSERT INTO `users` (`user_id`,`email`,`username`,`password`) VALUES (100017,'BrentFreeman3@kpn.dk','Hannah732','Ag3cYi');
INSERT INTO `users` (`user_id`,`email`,`username`,`password`) VALUES (100018,'BasNahay@libero.nl','Sue','vR');
INSERT INTO `users` (`user_id`,`email`,`username`,`password`) VALUES (100019,'Stein.van het Hof3@lycos.us','Lena','IS');
INSERT INTO `users` (`user_id`,`email`,`username`,`password`) VALUES (100020,'DanaLejarette1@telfort.no','Samantha07','qBHxZiIFpBk3PzZLDo5TbvPTGfACmNs');
INSERT INTO `users` (`user_id`,`email`,`username`,`password`) VALUES (100021,'KOstanik@libero.us','Cristian989','OjlHYd0JmS6gBG2FZaa');
INSERT INTO `users` (`user_id`,`email`,`username`,`password`) VALUES (100022,'HansRoyal@lycos.us','Charles35','pt6L8vjC7WpckAxCmi324bwHZoBY');
INSERT INTO `users` (`user_id`,`email`,`username`,`password`) VALUES (100023,'Lynn.Matthew5@aol.fr','Isak14','Nj7tf2agDlEKOj10l');
INSERT INTO `users` (`user_id`,`email`,`username`,`password`) VALUES (100024,'Mick.Lezniak@mobileme.nl','Sue207','1RPHHCqEfq3dJjPfBZHO05zy');
INSERT INTO `users` (`user_id`,`email`,`username`,`password`) VALUES (100025,'TNaff1@lycos.org','Leon704','jrvNIUeXvv66YZ');
INSERT INTO `users` (`user_id`,`email`,`username`,`password`) VALUES (100026,'Lynn.Nithman@telefonica.fr','PieterJan','pgoS4FIrigLwKiJA');
INSERT INTO `users` (`user_id`,`email`,`username`,`password`) VALUES (100027,'OliverPensec@hotmail.dk','Pedro06','IgGTt5ZwU44');
INSERT INTO `users` (`user_id`,`email`,`username`,`password`) VALUES (100028,'Richard.Chwatal@aol.es','Andrew','XP6GoDj3FlA6qVWRRgOEm4jlkaM');
INSERT INTO `users` (`user_id`,`email`,`username`,`password`) VALUES (100029,'Bas.Wilson@excite.de','Barbara59','gb1n4s');
INSERT INTO `users` (`user_id`,`email`,`username`,`password`) VALUES (100030,'Sjors.Van Dinter5@freeweb.dk','Marie4','X');
INSERT INTO `users` (`user_id`,`email`,`username`,`password`) VALUES (100031,'BiancaMitchell2@yahoo.gov','Vanessa81','a5puaOFmPScDT2Tb4QrI3Jiy6601rGi');
INSERT INTO `users` (`user_id`,`email`,`username`,`password`) VALUES (100032,'FreddyBuchholz@lycos.de','Rando365','VMhDP5uvJP1tLMLSeyRf4');
INSERT INTO `users` (`user_id`,`email`,`username`,`password`) VALUES (100033,'J.Zia@gmail.com','Sophie311','fuS8fHX2e7');
INSERT INTO `users` (`user_id`,`email`,`username`,`password`) VALUES (100034,'Pauline.Daley@mail.de','Isabel980','wIobjAp21rby3OoZUO5auwUMgluugNh');
INSERT INTO `users` (`user_id`,`email`,`username`,`password`) VALUES (100035,'FreddyManson@web.com','Alexander4','R8faGGyqkcP');
INSERT INTO `users` (`user_id`,`email`,`username`,`password`) VALUES (100036,'JohanStockton1@yahoo.no','Esther01','BcCN2pv4ZPDUrv4nKIDHkq3K');
INSERT INTO `users` (`user_id`,`email`,`username`,`password`) VALUES (100037,'Frank.Ayers5@dolfijn.dk','Godfrey20','1ZcLvXouEUK');
INSERT INTO `users` (`user_id`,`email`,`username`,`password`) VALUES (100038,'EShapiro1@weboffice.no','Hiram87','kEiT2oKjoTA');
INSERT INTO `users` (`user_id`,`email`,`username`,`password`) VALUES (100039,'KMoore3@libero.com','Bram','Kpk');
INSERT INTO `users` (`user_id`,`email`,`username`,`password`) VALUES (100040,'Ronald.Hancock5@telfort.cc','Alvaro01','HmQ8IgnkJ3l4tH5');
INSERT INTO `users` (`user_id`,`email`,`username`,`password`) VALUES (100041,'FransWilson@freeweb.ca','Helen','Y8YjY0cEQjEvdIW0dOPtSZ1ftQ2');
INSERT INTO `users` (`user_id`,`email`,`username`,`password`) VALUES (100042,'Frans.Bloom4@telefonica.dk','Michael31','Eva1boE24mPy8NK0EFYknzhrb');
INSERT INTO `users` (`user_id`,`email`,`username`,`password`) VALUES (100043,'AliceDitmanen@excite.ca','Pete55','0YJuYhGIfQMvMuC');
INSERT INTO `users` (`user_id`,`email`,`username`,`password`) VALUES (100044,'TonPrior@msn.es','Katarzyna','b62');
INSERT INTO `users` (`user_id`,`email`,`username`,`password`) VALUES (100045,'Fons.DeBerg@excite.ca','Al297','5K5GzDHFS4J7yW55GAoKxq');
INSERT INTO `users` (`user_id`,`email`,`username`,`password`) VALUES (100046,'JakeSanders1@kpn.net','Ruth322','f4EqeX20q2iM0bvUc5kuS');
INSERT INTO `users` (`user_id`,`email`,`username`,`password`) VALUES (100047,'Bart.Arden@mail.be','Cristina34','7PkFbF2jyEYoWkNXWlpMbm2wO2ynwbgT');
INSERT INTO `users` (`user_id`,`email`,`username`,`password`) VALUES (100048,'VictorTurk3@telfort.no','Shermie873','u8GJpHs5RmfPRQLQnsSF4vg36WK');
INSERT INTO `users` (`user_id`,`email`,`username`,`password`) VALUES (100049,'Frank.Linton3@aol.fr','Filip4','ycABMDkuBHqW3jKGeNRY17M4XdEPuP0l');



INSERT INTO `answers` (`answer_id`,`question_id`,`text`,`x_value`,`y_value`) VALUES (100000,100002,'tsnZcfvPl1S82bKU4X7U2DYTdoZChBCDGCg3BGXdh83q2qxm0gYfcjjEdk4wKZtR55XICc7KozM4W6WOeCAL8gL4ugqYna8mUgSkzwRJNEjge6v010OxryE8zghoLxHSaSQIzUmjK4EZQlAh2bXtSYKjVTEtboYfSnXTUMSrBepTX7MHGGRZU',302048,428087);
INSERT INTO `answers` (`answer_id`,`question_id`,`text`,`x_value`,`y_value`) VALUES (100001,100002,'ttMZnirRXxurTiGfJyYVEAwyNz74UmjYh4wMoEtPOU46ADVbYfffznjEpWn4a6Plr2ack7UXwTFDwV6LwRxFmj2VWY41BaQ4ZKBR0iShjoFxNaM5TBQofZmtAxDSGmAPpwqLfqHcELhr1WBg0wTuW8PzOpAVZfU7Zcd0wvxk26KO0E3xPM7sfMzOQAVV3gncTuc2jPxn13lbkf4WH1Ck5KX2lHdCMjyQqPNil',684781,695532);
INSERT INTO `answers` (`answer_id`,`question_id`,`text`,`x_value`,`y_value`) VALUES (100002,100002,'NwaBUBxcVDkPcLgzvBLHtjaRQ6EiXzPzjpE3ZYzkiEkTYAk66Vgd5l4kYcIHFBnBZOkR5LZrWGrZ0KH3nBUCASxiAKN2jyZC31Gp68d5omlltyxjpWnGeUtVU2YojZmAYuAjW78XiCfmhvQsKGINiOISMHfqS8mGvHe64YyM4HmIZMkCKNGwEb0WIJynAK6vzn3yHPswS78YkETgVHbVOZXSlTDE0nmovWwx0hJH1nWz4VVKKvjnL',592999,795386);
INSERT INTO `answers` (`answer_id`,`question_id`,`text`,`x_value`,`y_value`) VALUES (100003,100006,'2ScfWnIWfuWBKG7OCh8tpnxQ03u7o7c8zYc5NA7xhPhSwbKqQ3foLYUVGoFuKWBfNpEqSdMYNL2dpZYykuDT3jlZuGpxuNSjVKFR8KWKFhMflpcoK4Ikj3KqPMh',156614,636622);
INSERT INTO `answers` (`answer_id`,`question_id`,`text`,`x_value`,`y_value`) VALUES (100004,100006,'kowGotnAi',97721,287210);
INSERT INTO `answers` (`answer_id`,`question_id`,`text`,`x_value`,`y_value`) VALUES (100005,100006,'vYbOVzEZHkIJ3HWVnazU4JCCOiRvldcpP8qm8KNsw4X2igqbMs2jgKNrNDePY6cCWCYJDlTo5hyCFOTjLtLLWMzXsgiZcJVzLt20w3DXr72FM4o162q3mG1Qgd6WWiylqh35rzBRbWCMd6yclMYlUAD2MW8gPzDeZM6Qa',141331,147478);
INSERT INTO `answers` (`answer_id`,`question_id`,`text`,`x_value`,`y_value`) VALUES (100006,100009,'UGfZWFbjV4B7tfkY1KOBZSpRabn3iflppRUJzTPStcVwfLuSQTkEZ1c6nzcrKQYlMGNFHcpTkAG0UwsOZsZO1mgfslf1cyd68I1NUWsHyhiT18CMeQ8XxSOxZ4ZO248HdPYMVBPeBnEBSXnPC1aijA0TeklgJ8NF',281152,145220);
INSERT INTO `answers` (`answer_id`,`question_id`,`text`,`x_value`,`y_value`) VALUES (100007,100009,'HxstDTFSSIL6YSsRtVkOyK7V0YOeJhGvZ8odD3u8I6OSrmrfR6c2AiiLlAadkzAHNO6vxEnFdIs5hhsCOCf1FlbazSFlY2bLyCJVdvHdeWBVXbjO4fynqw3VPLrApATVyxfYMQDMnx1x2ktoPs5dDLcBDUXHPjQsV0um7gncYfouFD',308605,99180);
INSERT INTO `answers` (`answer_id`,`question_id`,`text`,`x_value`,`y_value`) VALUES (100008,100009,'PTCIA3r2rvTN3JkU7LsTeKyUGP5PkZiCdhU6Tl3HNZlOXVPedfcmNX6WDEq7cs6kMESd8LxgXeHujjAEtEk2hkRdOlNHubRwfstXc41GlGIbeH8leopfHYLPz3fgwaO7wdXhIpG5kjpw4AQRYF7MfdbjjzxVVvgE2rcWhan7wNrg7PZjMfAvSFJ0a0GaxNOjmyxg0hvUlUa3mgCvcCHEvSWNkiwVKvJRpnrGEdQkx0KIK',177840,471541);
INSERT INTO `answers` (`answer_id`,`question_id`,`text`,`x_value`,`y_value`) VALUES (100009,100013,'LeGntUl6IXg20GONG3',824818,342686);
INSERT INTO `answers` (`answer_id`,`question_id`,`text`,`x_value`,`y_value`) VALUES (100010,100013,'CCUh',312408,515976);
INSERT INTO `answers` (`answer_id`,`question_id`,`text`,`x_value`,`y_value`) VALUES (100011,100013,'Mf6Pttv0Ug',364323,489433);
INSERT INTO `answers` (`answer_id`,`question_id`,`text`,`x_value`,`y_value`) VALUES (100012,100021,'kcJoqalWRoTCIG8GE7lWO0Lilvtyuxj6QP3gxblU7nZ2spwfutv4erhaALtYQTaXjq8h55Y7H6Ca7kTWFvwEVTiUyxspmJp5LpwRXxHc6OK',81369,729041);
INSERT INTO `answers` (`answer_id`,`question_id`,`text`,`x_value`,`y_value`) VALUES (100013,100021,'uNCsxybB04HWf8fJUBZGTaRMJ8LOIPRdg8d6LNiEsLZ61nlAs2kgjOISP2vMdeAL1BDa8OuX5tfkZjv0L3xDSBsATCN2WzFzFnNvxgaViZURc5ngcC2JpwvPXwYCqJTa08UdvJ4I0jDiepFN3S7n6lMsBVnoQ6kXmtUmrKCCm06nyoAr2CALmGi0h05ssjb61cOCVrMysWTtGArGmVVXnyR0VCoKDlR4WHRd',345384,440503);
INSERT INTO `answers` (`answer_id`,`question_id`,`text`,`x_value`,`y_value`) VALUES (100014,100021,'5ZFXEBFeZjbFJyT',994868,277604);
INSERT INTO `answers` (`answer_id`,`question_id`,`text`,`x_value`,`y_value`) VALUES (100015,100029,'uqaEo7atS0YyPCVLYR10K1TfZyVQrMK8zEQIQ5usr13byu34HYxykjjShnNn5Tzs1wus5E7FFcaomJKmrSTPUpr3DncgUP0o1AGyazRxOSNxkGGLjnzmN0mgx1pw',232054,539357);
INSERT INTO `answers` (`answer_id`,`question_id`,`text`,`x_value`,`y_value`) VALUES (100016,100033,'qqg33Yo',94524,372591);
INSERT INTO `answers` (`answer_id`,`question_id`,`text`,`x_value`,`y_value`) VALUES (100017,100033,'Ljk35Obd84ctZ474Gj5J8P5I2kjd4PZaVC4hGZ6q30jqOrjlCLRpAbqyPCyNSQfGMrij6snqyq0v2QJ2CRe5j0G3',80230,159009);
INSERT INTO `answers` (`answer_id`,`question_id`,`text`,`x_value`,`y_value`) VALUES (100018,100043,'aJp1pOdWM38JtwY2MPkNkA3G8lZQOraQbE6',704404,950156);
INSERT INTO `answers` (`answer_id`,`question_id`,`text`,`x_value`,`y_value`) VALUES (100019,100043,'8lhYpotkwXpH6',866299,672897);
INSERT INTO `answers` (`answer_id`,`question_id`,`text`,`x_value`,`y_value`) VALUES (100020,100043,'S3baB6mVYEKsk3aIziIfapnNFLxtbAwnkFaQKfYotd24zBcpYumMoHKRvqbl8RIc4tyoOy68pD',749813,152185);
INSERT INTO `answers` (`answer_id`,`question_id`,`text`,`x_value`,`y_value`) VALUES (100021,100049,'uF4oiG5eJc0QhoXkHp0Ed3Ga2kZaJi26CRXIKLWLP7UFfpmyyvdaELz47dPpCqOPHRxtuM6E0Nzk1xgHQSMHDYKkyMaKr45FRN1ZL4Rf5HTKl2LIHHqrzpLHGxI8UBpN8bii1czxNIbz6qsr6eQ2q8IMVqVdAAaSiLxbX7wRsPlAHNJvY0nmu0D1gm8StoFv7pkjQtQDzdPoZQrYZwHn1wGoxlgAogtjC',628315,256803);
INSERT INTO `answers` (`answer_id`,`question_id`,`text`,`x_value`,`y_value`) VALUES (100022,100033,'Sua8AAZ11zfiPdTdSbiSFSbHFk1MrX7u4IxXJJLpTQSW2XeIKGgRxpXsbjCaqZW383wTkgidrcL77PmKRc8lWBDQw0oL6y80J',518052,105756);
INSERT INTO `answers` (`answer_id`,`question_id`,`text`,`x_value`,`y_value`) VALUES (100023,100041,'J6QnUmFCTXJazAakZeyIKlfWyI',179103,977167);
INSERT INTO `answers` (`answer_id`,`question_id`,`text`,`x_value`,`y_value`) VALUES (100024,100041,'4IjHgkJppj8wgcaViFzjA0FE',392242,709000);
INSERT INTO `answers` (`answer_id`,`question_id`,`text`,`x_value`,`y_value`) VALUES (100025,100043,'1hoFrCF0ehNlLTPuCJD1yZKFmjQsCPDIWSwvXZOA104FmiKBYWJ8JE8GInNSxYPh0HaiubNaLo7JfjVhmRR0JEQyMN8hCXpmlnFoA5pfxUGGA3pXPuiezMZxGsmWtMv1kwaMJVZnsvCRQA5pxenlBJqZi4ZsDMr3YauM5vyjTLjLfYjGcjXFEjKAylKsmRwgeLm70apczOgX4xtqRofhO1ZsfWj2483eu7Xk7BhinG3Owbfx',900355,311206);
INSERT INTO `answers` (`answer_id`,`question_id`,`text`,`x_value`,`y_value`) VALUES (100026,100048,'0cH4kQnosj5jRbq05telAF2TYWheC85hKfjbPnIIYOexpfOylXEzV6p2snBO1SQY5ceU4T1d6u1vgBShKXXIIYTfWSOEgq4T',183872,236156);
INSERT INTO `answers` (`answer_id`,`question_id`,`text`,`x_value`,`y_value`) VALUES (100027,100048,'tZfADyiQKkcq5u8dN2y',740716,46663);
INSERT INTO `answers` (`answer_id`,`question_id`,`text`,`x_value`,`y_value`) VALUES (100028,100029,'5MQDPuGnTjaG2eZp6sJCVmKrZCSQmJb2EqN5oT17rAyJII668aksQZATJ3aB3DQCNcJEOdRLKA0rJ4Fa5ChJYdJJB27BDrXQq0gqjiEIkeIC3eDSd',901408,370887);
INSERT INTO `answers` (`answer_id`,`question_id`,`text`,`x_value`,`y_value`) VALUES (100029,100029,'LwWZ8yvya1xDlVlAHlgjjEzSccOIELqBLEKL3Z0qGAeDjVzmfCOFqjRqS3wGDVgvf4HD82tPXlFyKBQ3bZDEUGRi0zWp26J040qmWQVSSDCpKyvHAm8bJH4NZCfSZQLXPCHwht5U1NqQSjYIniAeufOFEtIi2JkX3juzoxOTXKX6eh4IhhBtu6h2KIPdxS8LJrtiPA0n6Fcg0lh3Hkc8MQwTJuzNxvrZK1Zd0eaCHDqgdwVt',246837,763831);
INSERT INTO `answers` (`answer_id`,`question_id`,`text`,`x_value`,`y_value`) VALUES (100030,100029,'xdqwoolJWQQvyLOLlqH84HdNcTzUFRzxU00PsjaT4bHWjAr6uVn3BsEBmmQrR5Fsqf8yZ1mmPjfR5uxVgNNJi7p0V1',948060,577684);
INSERT INTO `answers` (`answer_id`,`question_id`,`text`,`x_value`,`y_value`) VALUES (100031,100032,'fuYjaIdjrhnOhwyR8zbYjfzYLduZ8z51isGxUirU0ovUdAQDG0PXGdeQu3OrVqHO7EnKeDZSf6whQ7qexvjZr0mxUU8WocrFgfgKH6tTvMTsFFG85kyWCHlhEhbBMsXfVPnTSKvLWm',173522,163990);
INSERT INTO `answers` (`answer_id`,`question_id`,`text`,`x_value`,`y_value`) VALUES (100032,100032,'xx1XenKkMeZhAwxxAmW0K4wiaYWULHks45aY6vosjEqiDQOJBKAyGSoDc0cY',265577,964279);
INSERT INTO `answers` (`answer_id`,`question_id`,`text`,`x_value`,`y_value`) VALUES (100033,100034,'nnkv4gfU7VdNnbDzc8UT8WJ5kZdqsimTFdUYZlj6WmRoq7TXqeAsbWwcdRxvVL4zHjoFjWbUlC24P1leQfyH1nRHTqTfTkgKEbv2LFJ8WbdrK4Jsvig0xWeXDcs0lUISqbMbuJIKx',279705,128795);
INSERT INTO `answers` (`answer_id`,`question_id`,`text`,`x_value`,`y_value`) VALUES (100034,100037,'4YUvSAcIByUiXymPLokfFfpsvM2uf7cI5RLJdHzEy1GETiv0hDv2anvPZsSy5KbWlVL2n0bBktqaPD5',115743,266839);
INSERT INTO `answers` (`answer_id`,`question_id`,`text`,`x_value`,`y_value`) VALUES (100035,100037,'jRh3eonjRqGJwfdlxM60Eq4jePeCpmUNtsuJd6gz8jDeszRuvTwzfxKVVONuzsRfNfzFJ7fhoV6kePDYG3a0y1RJCGXJwoo3D43Pr5IKRiKRtaXqeazrzOdKw3PqyvfjAJglFQEervCt8UGknRBmMi8hy72',16754,637431);
INSERT INTO `answers` (`answer_id`,`question_id`,`text`,`x_value`,`y_value`) VALUES (100036,100037,'rMMwyPP0Wgmd88CTKgAucmmpyErtduwRDbTWStKReyG3eSJd78UbrROe2dTw3',116784,874444);
INSERT INTO `answers` (`answer_id`,`question_id`,`text`,`x_value`,`y_value`) VALUES (100037,100043,'LSnEKc7qvxTXhyiMiXm8Uq4qUakvuDecHfvc5vypG21Kg6TkjLclcp2iXUUS1ArzOy0kAgbboOUfH5rr61iG0zATzAJtSyykItAVSIqg76LW4EmruMnzPh7V0TZmeRcq1oKxHGd7VdDrUzBmJbhR2TovI4YLtEFRXkKzjCQIVrhocPoEKzok0mxjraXS8rQ1EDRiS5fDFBOgTK5KsU',899458,835347);
INSERT INTO `answers` (`answer_id`,`question_id`,`text`,`x_value`,`y_value`) VALUES (100038,100046,'kPtithPBOgczrLwjAIvvccEv1u8Xae2Q0NryASLUicK2QcJQRgsb4U4g4YXvkjcYaeoyioT6xutlEqTGu5zf17Tw6E6Lagh7u62mqtfisVB8zwCi2nnvOM4CxwVgKMuXfBRjuqIJ1CWBaQKwr2SfBPljAkIKCVj5BmGLKZE7VvOqttlBEsZt01q0RzPzsI3LMwZCIbk3U3VftUb8KAprWLXO4jxGJxqYwWDjNkGt2B1',462684,194601);
INSERT INTO `answers` (`answer_id`,`question_id`,`text`,`x_value`,`y_value`) VALUES (100039,100046,'Sjt4CjZxFwugcJribCLwV6deIK1mSpvuREIRoDvgeO',354265,381611);
INSERT INTO `answers` (`answer_id`,`question_id`,`text`,`x_value`,`y_value`) VALUES (100040,100029,'JLaePkRXIjGJa3uTfzUBozqnsDyg0OH4OTRCELnr6mWZEJTQshAkhqubdTdYMdYGwqSmIciuJ7dFLe58mj1rHQOkS7uoI4NFubGad57bQdZdmen5ypX4NQ1I6CGloHUbFAB5c0pCiZRWq4g8aOVmAnRtr3vc1m7zfEmcbrCG7TEA76dVv5DKnxFseXv07fBNaP7HgeB0WZWtBRR8pPtZsBIJh7QSJgajFmy7c3oGxyZ',508011,17149);
INSERT INTO `answers` (`answer_id`,`question_id`,`text`,`x_value`,`y_value`) VALUES (100041,100035,'VPyim4k0zP8AlHU5RgI4JvICAEvLo0WNk2ZaeQBbo',923017,112248);
INSERT INTO `answers` (`answer_id`,`question_id`,`text`,`x_value`,`y_value`) VALUES (100042,100035,'y0Xucog7ZGJbUy5XJVnWmkk3ID7n0FRivoo7GygfTSuiGOLMkWoRLvtr5vIU3XWGm8zHANLYQGhtNVFQWUClIOSeLuoM7PqvS5xvy5ebSCEVtqjpC2Bj4iP862l0wZXgjADyM0DeOU6hZVX12QiGKoZZplQUhh8WCGe0cMiWztM3Wq7Sni7KUTe0nOMlanPQR2CGM5jfRoiFr2bF5weFL7IUjmXwUBuCBpEmzt7KuwKMJ8umajvSE',112354,482282);
INSERT INTO `answers` (`answer_id`,`question_id`,`text`,`x_value`,`y_value`) VALUES (100043,100035,'MdhezEZlpcyqO7h7BSvkXs1PXtQJDzsoZ0ki0Fl85RrjuslLKcVg4GiqnLw72Vary1XYH7jySGo7hinEWzIno71CXSmEKDrIUxQ3AnZ7DwY1r7ezpyy6O7ViPpsuhHDvd16QHaRlEBLGvVBoT0XTHMfUP3bMYFV8VZ1Jk402SxX7VEQTGQVifiuJYEvUfyD',566311,489421);
INSERT INTO `answers` (`answer_id`,`question_id`,`text`,`x_value`,`y_value`) VALUES (100044,100042,'eP4ZO85nHHVGcoxcaDeEoY6q0vl68lReVnxuNjqYp73PX3noVIk5gBzeJGsZYxZPJ6mm7JyBoH65Sh35SbKnAswvXqZsVmEXpsulY3KZjqdiajDSm6MzqOeGMgAjyGGQ0z8PrSZL87isaAlUjWNbx6LPUwTGpVf3L3zxoAUiTbj42REWTlTYbmBJ',117785,902301);
INSERT INTO `answers` (`answer_id`,`question_id`,`text`,`x_value`,`y_value`) VALUES (100045,100042,'Xjr27826CnLLgL6bBoZSSHvkVqyQIKsdDhxbMyRQcm5QvmpzwdBiLGCjYuguFaehtbthpCg2ZMguKtltE2Sf6PqaaI',135851,774275);
INSERT INTO `answers` (`answer_id`,`question_id`,`text`,`x_value`,`y_value`) VALUES (100046,100042,'uWVPYh3teeiCzZSW4PVLPZt1BNvThsKz3glx7TZaayOYRSdLq6CutlKIqn0buMDFZebgD75EJ5lfeuYAufQPXwrRtpl5rGDZUcC10mGWbWrvHO',575733,126302);
INSERT INTO `answers` (`answer_id`,`question_id`,`text`,`x_value`,`y_value`) VALUES (100047,100043,'1Us4Fd27Rtjp05WbPIa2rcNaAybBkx1anCFwWMJBUyxudQRdxuiOH1AFB8rrw0qBgm17XJebBuGK6gmQ1W',771695,438637);
INSERT INTO `answers` (`answer_id`,`question_id`,`text`,`x_value`,`y_value`) VALUES (100048,100043,'PSoeopRfsPfd01g2XG2guyFglqvPwafVxe3AklKZ',974022,514645);
INSERT INTO `answers` (`answer_id`,`question_id`,`text`,`x_value`,`y_value`) VALUES (100049,100043,'MthdFhHs6iO4um2QPC7Ecgn26sgJnOSrxTspdKYCjptqSrThJabHqKUFCFCM3iEpSoQfk22CLhLJLUiIWddaWbAv7WX3qIUblEzRqN46tTJdb0MatcBdXdy2AmarcUeQLTC1608Zg4fo',474569,882954);
INSERT INTO `answers` (`answer_id`,`question_id`,`text`,`x_value`,`y_value`) VALUES (100050,100045,'Gp5TcNL7beBITip4ZkfaYMsvGSTNpiDlFZbKk77AsEoaHGTSh4joHI6VVkFhqw21cLWML7moKGcLeQPhPxABmRQyWLbRPJnhcC6NFHQYB1aKz8G6VLLAibO7',763508,473112);
INSERT INTO `answers` (`answer_id`,`question_id`,`text`,`x_value`,`y_value`) VALUES (100051,100045,'fKnJpKoAelsyNnEKUqZoPR5tcnk6W1aDitaTeeH7kg8tnv0RPn4UGZz2csO2D7UDVe5HemBO1d0KKGOcaUAYEd0bvD5g3gvfVBndwTUZIh36TfoDAsG347tASpQOMMYiDkogUmQXEKAQG7h6u6BHJLtRCRmese5WXdTeNNFCjpHbx5GQ2pA3oSP44IOE3wHJDqKe023MyQlJNraRy2nMxz0DHP',897439,319723);
INSERT INTO `answers` (`answer_id`,`question_id`,`text`,`x_value`,`y_value`) VALUES (100052,100046,'VP4BVklI2QFM2HvG6Ven0qwZgwuXJWQOq66F7TjWLzsuaS1uurdGEGWHkEMNxfbpqw24WIYyusHolISPU2BqxWMHp40uDkd52wgaddhRP7ebCFFsjh8ohh3laXn4ADfxiokLz5hkJqWAHfqpLrJOsD4LTMr41RXNUTuXy5XJBicBLNNZHpSDs2GKhWFiBsoqbsUl3uPEfOmWldpzcv',212118,494753);
INSERT INTO `answers` (`answer_id`,`question_id`,`text`,`x_value`,`y_value`) VALUES (100053,100031,'IbxgVzvZYkjipl788yrGgmlockEJaQD7oCGdS8N4ykLjq71BdEVkfLj2zRatEOsH7aupUrIrUVTyxZCbAzbBVUEOMkptrTCcudX7MvXPL',605360,519416);
INSERT INTO `answers` (`answer_id`,`question_id`,`text`,`x_value`,`y_value`) VALUES (100054,100031,'WPbUjE38HCQlAQthnwpxpQsBdWM1D4SeTOyS3G212w5lxyE1Br0YckbyUQQnlxSgR68YZYzXNR7Z2V38WHtjErNTooxA0Bjjao3DDUFsaeGMpQ0QjyK',495604,857954);
INSERT INTO `answers` (`answer_id`,`question_id`,`text`,`x_value`,`y_value`) VALUES (100055,100036,'S5O4TZkrdFzM5oZw4anVocCCrDcARuYJ46c0T0cxriWAHA7xRwZ12grbQVcY1R6dl1u3dzyO8ndNniuRTvRzOsec0fHJi6wdcrEAeGrwoQd7gCQi8FPbvJwOSFyu3lmKwRjmIMCJmkCw4USuk3gbDFjHVq7sRsxqUCU5loXbDs4WXfNDtMNAJj8uxcR7JamDRgTK7lmSvUbhASJyzN4cehxqqMm65HLnXZSlknoKeBP53chscBc',965651,204193);
INSERT INTO `answers` (`answer_id`,`question_id`,`text`,`x_value`,`y_value`) VALUES (100056,100036,'QxmMzpfeBcD2Yly6jZ4HGOK5w2MmyVC0zB5BmuuTH0DNexkMyIy5QFDN8bL5xdRXr21vG1ZpXYGQhqNz0ZWYWjNlOsvjRPrUPNhhHw0w6s5on6BtVJZE5qyODec5plvBMDqvVFX8Dqwu4MxpqIIw15XKY6GpoCxPJe0',745778,92427);
INSERT INTO `answers` (`answer_id`,`question_id`,`text`,`x_value`,`y_value`) VALUES (100057,100036,'zMObVrYzF8DdgI1JZK7gPLQW5gqDvOkfqhe7QnqtqWLxtYkbIEknLikXlOUH4i030BZKRaRBBLkvtOsGhKukrEu',144791,568582);
INSERT INTO `answers` (`answer_id`,`question_id`,`text`,`x_value`,`y_value`) VALUES (100058,100037,'Z24PR50CBrsgRRkTiRzGYuP6MYRy6xsg1Eb1ywqHSvSuPHFK5soyIdzCHSktBjDasPX8Qj',253676,99811);
INSERT INTO `answers` (`answer_id`,`question_id`,`text`,`x_value`,`y_value`) VALUES (100059,100037,'tQoJLhZrKBydmccTMTSY48QvicS2Nur7XYyTW2tMkdnMusUOMvgYwCa6yu5vKOVOH5CX7b6Tg1fQWCTE5zWnHIjzGHKvMr0G',717096,992428);
INSERT INTO `answers` (`answer_id`,`question_id`,`text`,`x_value`,`y_value`) VALUES (100060,100037,'z4QWweilUPUDitqNCmKbDoRs88QwybpQufLxjz31hRlDXMg3vpJ625Oy32tc8Moryh3a4N2Kzenm7Ryz5s1a7GKKxuZa13BGvLOkTERu8eSsD0CScsI8YwmMiyJrIwkytVgClkZNopoQ8TZmOg8oe1MVFgS1ohMfW8mTUEEfs5F1AIHbANQu0h2v1VGLocq5BdOroxpypNkYxVniUVrpoja3b3QwzGEpYXy06c8VFsAFmK8z',538654,391136);
INSERT INTO `answers` (`answer_id`,`question_id`,`text`,`x_value`,`y_value`) VALUES (100061,100040,'d6hlA7bMdoCrcxrFi1sBgGCbxHD2jjlCYhBxBBXoSoZ6tSOGbnDQu4Jub6X3E8XALZmXv2l7dX8Mbatzw2eBVxTChRn8bi7XP1TE5FET1ITmpheLtxV0dkR33ilF0AqP3K52a46odfhWFqG1KQMroDkb85aWyzZpJyfeYrCDnHfBUO5UfSAEkFLcBgVqFoCQtYgUbBpixtWmB8Slr8w',736901,203066);
INSERT INTO `answers` (`answer_id`,`question_id`,`text`,`x_value`,`y_value`) VALUES (100062,100040,'5chE3rIMTfldRIqmS8EK5k5z',191986,643334);
INSERT INTO `answers` (`answer_id`,`question_id`,`text`,`x_value`,`y_value`) VALUES (100063,100040,'bAtvsxs2zzmodeyBt3NPI3q5pZTZU6NfllkpOOr5HB5f3xTiXwKpcyhIi4gmO65p8SZCxOQfFfS4DeK6PNoFnWiGOIZOkq4SvOnbyRpgTvQB8ABuPMO4ZPvbSJzsOHYZrJCqBBcyLyIVUgLPEitH1zevSTnHszx0neqP7jYOejigV4sEHdzULXI6itWC1wZbQaZ2UNQtcCQMhnC',40644,373291);
INSERT INTO `answers` (`answer_id`,`question_id`,`text`,`x_value`,`y_value`) VALUES (100064,100046,'KkAp2UwJcGw13ojFNZjDLYNLzp3HbATEHTgU1eX6j2frhPQQJUE5TbLbbRV3hASf5xMbfCvTfyfVSOFLm7NxszFKCnYmfXNWg5iAz3FJCECtMZ34ZoWCRga7CL5wjjJdCXiJJFEhW4QwYhVjMzV0li50DwBHwKlWgRa1pdCjHaI40LE4cuF0V4KWUSFEMlbeZt85FVSl4GcdMvG3bxyFgGjpSSNFBJsK0XOvcJrdUG1niMJdRiIXdzI082OPG',96898,564471);
INSERT INTO `answers` (`answer_id`,`question_id`,`text`,`x_value`,`y_value`) VALUES (100065,100027,'jhFolk',837704,151541);
INSERT INTO `answers` (`answer_id`,`question_id`,`text`,`x_value`,`y_value`) VALUES (100066,100030,'vQPFMBvb3TCJr1V2d6J',447884,644383);
INSERT INTO `answers` (`answer_id`,`question_id`,`text`,`x_value`,`y_value`) VALUES (100067,100030,'zumSfu2vYCGbVzo5kLEaUZUS5Fhc5xDr6UBxyPnIh75IQm4v6vtJayWRNN8coFlEf2F1cQ81Op7PqlbNRFZjrFX7b7GiEdaFLvgL0BLYHYqG1C4nPuSdqjoQKnrbqzyAVb4RMVmTe2MAcikEFRZMfVteqrQRLKpDbYtX6QGFp4XZAenCHKjSj6XVFGDlYSJbrOe',321146,213728);
INSERT INTO `answers` (`answer_id`,`question_id`,`text`,`x_value`,`y_value`) VALUES (100068,100030,'NAL0AqFKIbx7lriYdToA6zuDxNrUd6wDq1OJF5EXsF4S8XiooNu4gPp16jgD8OdeiCFoCS3jilvsTmrWihcRMZd4LzihBy5VNErPcJJXvbgQqZewmyCLS8GCr4NetANLY3tufEQgfjCcJSAntRR36iM1SnaCjdMPb2eIVKGuhFNtV3Ht4bF2CT8pcxP',491405,834322);
INSERT INTO `answers` (`answer_id`,`question_id`,`text`,`x_value`,`y_value`) VALUES (100069,100034,'brYb70XkkU18RSPRIADlWt',161530,984816);
INSERT INTO `answers` (`answer_id`,`question_id`,`text`,`x_value`,`y_value`) VALUES (100070,100041,'nhIu3g1aMa3eiQkyGeBqwkL4Q5v',367533,170646);
INSERT INTO `answers` (`answer_id`,`question_id`,`text`,`x_value`,`y_value`) VALUES (100071,100041,'HE5e4hGmSCNxbHbeAf1JFrehhozHRR8o6wZHGc4snz64WZcLEKSLzfMcQeHDykanmZSKjzgIp0I2NfKngSeQpvHdbO3jWm3OlkSHxRrkHFSLV5DfODOyYXXgeLpAnWBaf',894854,949874);
INSERT INTO `answers` (`answer_id`,`question_id`,`text`,`x_value`,`y_value`) VALUES (100072,100047,'N4Ow2WgGJAWuZw0rgSpZguvB8wtTyGOD5BfIBUSeqgfwnOLlfkx5HNzM6dtGFMzdZ84NTr5OrtY8TtZ6B78VLkMCLeVOTkFpYzZGVYMJBcllj3OB8ic2lOtKLppeHDOCTnAqfwTKJU3M',91015,430084);
INSERT INTO `answers` (`answer_id`,`question_id`,`text`,`x_value`,`y_value`) VALUES (100073,100049,'qUwrfLF1bxOWRiK3Sf3eiGMAb7aOr0R8SnezzpTY23jhTQw2ysAa4JoM4QEYay3DKKwoTseEtL2XvLaIL1QjwYSdQAI5fHXRMqujMl56OeNBZl76dI2JOSo3Wt2rFLMxzJSaqIVKxxoTcYGy6fSTarWGVBSj3bz4s7w7oUw2PRRr3N06sCvQqUfAOyWf',462399,890990);
INSERT INTO `answers` (`answer_id`,`question_id`,`text`,`x_value`,`y_value`) VALUES (100074,100049,'5k33I2EqoZJsqiXOW05u6ZhqlyTVKBOoegcwEQy7RIEd7Z4sWJgMgPefM7qGVQCXVbqg7TCeRqFo0I8UCfeBisjsJuNXG2evV1nOehWhubmgLlLZdHUzdB4oMSOvCH1uTP3pcWDTCajb2B7mEyZ0ZaUpG4oWXv4RnsJxjxvPvdeyB0FYjjYtKUhjwKVAWU1m2uCU',869983,642832);
INSERT INTO `answers` (`answer_id`,`question_id`,`text`,`x_value`,`y_value`) VALUES (100075,100049,'dgT1YslZvfXUHVFZxh2ue2LUscUqx5GM6amkR35xZ33lSvBzpuJ6GzPXRyWrQ5sDlnYrmtHPX2Vo3YVNnVPP6dHRbvInL',93694,507917);
INSERT INTO `answers` (`answer_id`,`question_id`,`text`,`x_value`,`y_value`) VALUES (100076,100030,'Fxn8xJ6HjfLe5JA8kIuaGKbmxvdhWku85SsoM8gJ6Imnr5fMBL2ysPlnroqecJ7uVGugt03ch3QNTsS3QxZq2gQEZGQLtWfwMSdd6CHqz6bduOqfG4XdE5bJsC1x7kBj85yomhS6rswukMYhzxDuAqdu5u4I4',499385,521272);
INSERT INTO `answers` (`answer_id`,`question_id`,`text`,`x_value`,`y_value`) VALUES (100077,100035,'tcm5dRp2d12cp7EVZm71lJlukXx4t6Fotb3YlVys7Rv7BXmVt8vwYmvyBuieyJlIH42CdreeYHAflWVfj2Eqwp8sEbJ0wzbQt3xIYbq',253000,102399);
INSERT INTO `answers` (`answer_id`,`question_id`,`text`,`x_value`,`y_value`) VALUES (100078,100035,'rpzcQhSmeRQXCzbue6jPo1iRjVl0ZmdyGbndEvww1pLwikMTOIuLtlz6LY7YX8ng3aedkQrmLMkKpHhRlvHm8WC1LVbxxfQMXjAeOA4WQn1UB5pGJXeB2mk7cVKfTgayZylCfvEgCBFoLchvCDpEiAhsGCPuy6S50IlwQIprAuopn7cFtRNWfLLFZr8VGi38SdDXGzimZbzo8ZWfSbB',229633,36519);
INSERT INTO `answers` (`answer_id`,`question_id`,`text`,`x_value`,`y_value`) VALUES (100079,100035,'mLKekyOxcAuasRDioqyMRATnFU67HXHWF6HskX28nVMuVyzCSLYZveGUdKaR7WYpnyVyiEIcPx6kp78QOH2Wy08YTSMKtoawkydvv2oWGD8OM6oUKapvoQZStXrejoOWIutK7DyfW0ycvzP1vKdwni61SmEWZdMpuYA6jhOc6M0GtVxPTwq7adWs3IaWIIQiR0557hRQxpWrhPZyKqY2i2Cj5CMsFNrX1',926532,364569);
INSERT INTO `answers` (`answer_id`,`question_id`,`text`,`x_value`,`y_value`) VALUES (100080,100038,'OBNrYJwlcahVHYlmjGBRDz2aG',742694,87659);
INSERT INTO `answers` (`answer_id`,`question_id`,`text`,`x_value`,`y_value`) VALUES (100081,100038,'trRfkJ2TfzWre6wKYGs2eLLKfpwpRtPkllK70peijfEm3MIjqfSm5HyhVUGCqiWocOaKjwqx0z3czS8dspBtAInIy0cIqUWBWuUHzqDaHrEz4xaEtUnNQsxClaEvRx6t4h2iYD0mqTXgDQIpZEnFAkHNdrxDZN85yQHfpfNIOhjE',622948,660003);
INSERT INTO `answers` (`answer_id`,`question_id`,`text`,`x_value`,`y_value`) VALUES (100082,100045,'agEqxbgwFoacJfPgoCik8BZDImBzt0QG5HicJYxOK7li45bL6m2X3d18iEIWy2',304577,93917);
INSERT INTO `answers` (`answer_id`,`question_id`,`text`,`x_value`,`y_value`) VALUES (100083,100030,'iIzryOVLoBu63YfSoNUU4vOb7mcsFpAdY0oimuRGZ8kupOggBnTqhfVTii0hEOAuYRR30VCXPELBM30Z1o3klsuTbPKNH6z03r8YhJxiYYjlnm2eg',331358,748326);
INSERT INTO `answers` (`answer_id`,`question_id`,`text`,`x_value`,`y_value`) VALUES (100084,100040,'zTOY0RE8YrstWL6WHkKXW7gtO6IouLEnsqG6177QzlFNVeMjhjPpbQX3mzfUfnBOxqql7jmujicEtGk4vIB82YWr',460133,887439);
INSERT INTO `answers` (`answer_id`,`question_id`,`text`,`x_value`,`y_value`) VALUES (100085,100044,'0cJh5idwU84jwu6TTaCgwz2vfZJevpiWD7svJ1KTo41GmRymp4V5tcX3Xpi5WynZ4iw5DcsOFWqiL1Tz5RTRTb2fPpHkLKWsDLXsU2k7MNTCkcSN2k7LPo1FlhBDV',299770,365978);
INSERT INTO `answers` (`answer_id`,`question_id`,`text`,`x_value`,`y_value`) VALUES (100086,100044,'bhIsFpesKzIynBLKHl3RrFDaX8q3aMuERFu1HqCfmfW4z352X7OvyamQ731QciWS8nLiCDpBcNSPhrdnhxX5xjBKdOt3ZJ7OPYjHPmakiWWJvnjQ815H0LJ40UvWZ0iBLYfsoypFTQUzX4KxESr1fScAAbIIKJo8UmOa5PXREuE2Uz7I6uKXbkl6j',753934,544155);
INSERT INTO `answers` (`answer_id`,`question_id`,`text`,`x_value`,`y_value`) VALUES (100087,100029,'u4NC6e8i6',83739,255874);
INSERT INTO `answers` (`answer_id`,`question_id`,`text`,`x_value`,`y_value`) VALUES (100088,100039,'GrlKvbwENcEB4gzzDT6IaFIuJsecgeJOobXOcwZ8mFrFBT55wEn2VSoP5U',668827,824066);
INSERT INTO `answers` (`answer_id`,`question_id`,`text`,`x_value`,`y_value`) VALUES (100089,100039,'rSY2khqhia',222197,535811);
INSERT INTO `answers` (`answer_id`,`question_id`,`text`,`x_value`,`y_value`) VALUES (100090,100039,'SPbaI8jrwfDCeIesCJWzAtBOYtuks57Bqbk3x4EsgMcZa8CQHVRhHDKZu5HShM7ZEmmQSPGYflkDtCnB8Pvl36',377309,130347);
INSERT INTO `answers` (`answer_id`,`question_id`,`text`,`x_value`,`y_value`) VALUES (100091,100049,'ZbRkrYXBmXa2TtsRtCGPoDpT4EhOCHWQNgxe58rLOdxuzDlLg6zER3kTPPr5U2pFU7K10iGHFErg5FOWV0kGdmvdCPxaq7ZPwb2MOn',495204,308710);
INSERT INTO `answers` (`answer_id`,`question_id`,`text`,`x_value`,`y_value`) VALUES (100092,100049,'sZouSqN5j7d3tnDqNQ0UAoYqB7ReGsTYqdDz50KcAZPRpywVNtUjzlmJsqXYu6xMLAYNCQJkBCXrgKCGibKyWW5Bw1uOf',707261,90713);
INSERT INTO `answers` (`answer_id`,`question_id`,`text`,`x_value`,`y_value`) VALUES (100093,100026,'YGsgwQQfaehgOsx3MHfNRSnbm5N5jlf2lD70JtDwDumjd2aYxWD4yN7hwKuMUe4yYl0tv7tiEdzwZnnUPAYkPZqeJfYdBgx0X6zVQnehEU0vml4D0yUFnpkfKw2EaXAx',559814,738057);
INSERT INTO `answers` (`answer_id`,`question_id`,`text`,`x_value`,`y_value`) VALUES (100094,100027,'onuBOhMJsF2EFd0XchaL8vK4E6eQEowCUAgdwtPdKSCSZM6IaMi4fnHOgJ1BVFexnDyX4dnNT3aRGAex5Dh2oNLB8gpuyrOMtiwrUMKPfJzdnEQQYZOJcL0ODqAGY8dsmdhobUAXIhMMCgUMh2wNBPL5uPhV74H8BF2EjpVBa2CWlO3hrvngHaSgcISCsa3UoC78h2FnBeOwz3kyleQvnAW8xDONOM3NBTnuGjpmapwR3PRQ3cLyJlB',929189,40473);
INSERT INTO `answers` (`answer_id`,`question_id`,`text`,`x_value`,`y_value`) VALUES (100095,100027,'xyc4MPZl6Fup53qMzL4GTizlZJUt36EzAJUswfbgz4WLzprKtD7pRFWU27a7PdSJbLNg2MH5tGVRsFyYj6QVGfVsmpiQzqYXudCUekyFJuOhir3wkREfRVzrR3ofj3fADuFxseDpY1bfzjlo137ME7YQp',383316,279719);
INSERT INTO `answers` (`answer_id`,`question_id`,`text`,`x_value`,`y_value`) VALUES (100096,100027,'sDCvibRZfvXBByd1AbtVd2D4ztvjbpMnTujxd2uJoaYAJxseRHyeNr1P1pQe7hm4hTCV1Yt5uuQwdPN0tGp8G75Ku3ZNGsBroomsTqZ',56640,390717);
INSERT INTO `answers` (`answer_id`,`question_id`,`text`,`x_value`,`y_value`) VALUES (100097,100033,'hcBBiwaNtoCtuBMhr3psTAl61ifWWxm0GYiKrF8NZrogo7VOHVBezAOH',156541,581788);
INSERT INTO `answers` (`answer_id`,`question_id`,`text`,`x_value`,`y_value`) VALUES (100098,100033,'bMmodoReH4GYxViYAAhdO4KnFsuv82wM3kskugttanbGCLLdnwdpSr6Mnvl1Peew3DX87RP8qBkvFWfdKyekKhkk8CYjk4',214206,95459);
INSERT INTO `answers` (`answer_id`,`question_id`,`text`,`x_value`,`y_value`) VALUES (100099,100042,'0BdK',859725,289749);



INSERT INTO `users_answers` (`user_answer_id`,`user_id`,`answer_id`) VALUES (100000,100004,100005);
INSERT INTO `users_answers` (`user_answer_id`,`user_id`,`answer_id`) VALUES (100001,100004,100009);
INSERT INTO `users_answers` (`user_answer_id`,`user_id`,`answer_id`) VALUES (100002,100004,100009);
INSERT INTO `users_answers` (`user_answer_id`,`user_id`,`answer_id`) VALUES (100003,100010,100009);
INSERT INTO `users_answers` (`user_answer_id`,`user_id`,`answer_id`) VALUES (100004,100010,100016);
INSERT INTO `users_answers` (`user_answer_id`,`user_id`,`answer_id`) VALUES (100005,100016,100017);
INSERT INTO `users_answers` (`user_answer_id`,`user_id`,`answer_id`) VALUES (100006,100016,100019);
INSERT INTO `users_answers` (`user_answer_id`,`user_id`,`answer_id`) VALUES (100007,100016,100019);
INSERT INTO `users_answers` (`user_answer_id`,`user_id`,`answer_id`) VALUES (100008,100022,100019);
INSERT INTO `users_answers` (`user_answer_id`,`user_id`,`answer_id`) VALUES (100009,100022,100024);
INSERT INTO `users_answers` (`user_answer_id`,`user_id`,`answer_id`) VALUES (100010,100022,100024);
INSERT INTO `users_answers` (`user_answer_id`,`user_id`,`answer_id`) VALUES (100011,100029,100009);
INSERT INTO `users_answers` (`user_answer_id`,`user_id`,`answer_id`) VALUES (100012,100029,100009);
INSERT INTO `users_answers` (`user_answer_id`,`user_id`,`answer_id`) VALUES (100013,100029,100011);
INSERT INTO `users_answers` (`user_answer_id`,`user_id`,`answer_id`) VALUES (100014,100038,100018);
INSERT INTO `users_answers` (`user_answer_id`,`user_id`,`answer_id`) VALUES (100015,100048,100018);
INSERT INTO `users_answers` (`user_answer_id`,`user_id`,`answer_id`) VALUES (100016,100048,100021);
INSERT INTO `users_answers` (`user_answer_id`,`user_id`,`answer_id`) VALUES (100017,100026,100021);
INSERT INTO `users_answers` (`user_answer_id`,`user_id`,`answer_id`) VALUES (100018,100026,100021);
INSERT INTO `users_answers` (`user_answer_id`,`user_id`,`answer_id`) VALUES (100019,100028,100031);
INSERT INTO `users_answers` (`user_answer_id`,`user_id`,`answer_id`) VALUES (100020,100038,100031);
INSERT INTO `users_answers` (`user_answer_id`,`user_id`,`answer_id`) VALUES (100021,100038,100038);
INSERT INTO `users_answers` (`user_answer_id`,`user_id`,`answer_id`) VALUES (100022,100038,100038);
INSERT INTO `users_answers` (`user_answer_id`,`user_id`,`answer_id`) VALUES (100023,100048,100038);
INSERT INTO `users_answers` (`user_answer_id`,`user_id`,`answer_id`) VALUES (100024,100033,100041);
INSERT INTO `users_answers` (`user_answer_id`,`user_id`,`answer_id`) VALUES (100025,100033,100041);
INSERT INTO `users_answers` (`user_answer_id`,`user_id`,`answer_id`) VALUES (100026,100033,100041);
INSERT INTO `users_answers` (`user_answer_id`,`user_id`,`answer_id`) VALUES (100027,100034,100050);
INSERT INTO `users_answers` (`user_answer_id`,`user_id`,`answer_id`) VALUES (100028,100034,100054);
INSERT INTO `users_answers` (`user_answer_id`,`user_id`,`answer_id`) VALUES (100029,100044,100054);
INSERT INTO `users_answers` (`user_answer_id`,`user_id`,`answer_id`) VALUES (100030,100044,100055);
INSERT INTO `users_answers` (`user_answer_id`,`user_id`,`answer_id`) VALUES (100031,100025,100055);
INSERT INTO `users_answers` (`user_answer_id`,`user_id`,`answer_id`) VALUES (100032,100025,100056);
INSERT INTO `users_answers` (`user_answer_id`,`user_id`,`answer_id`) VALUES (100033,100035,100058);
INSERT INTO `users_answers` (`user_answer_id`,`user_id`,`answer_id`) VALUES (100034,100035,100058);
INSERT INTO `users_answers` (`user_answer_id`,`user_id`,`answer_id`) VALUES (100035,100035,100063);
INSERT INTO `users_answers` (`user_answer_id`,`user_id`,`answer_id`) VALUES (100036,100040,100063);
INSERT INTO `users_answers` (`user_answer_id`,`user_id`,`answer_id`) VALUES (100037,100043,100063);
INSERT INTO `users_answers` (`user_answer_id`,`user_id`,`answer_id`) VALUES (100038,100043,100067);
INSERT INTO `users_answers` (`user_answer_id`,`user_id`,`answer_id`) VALUES (100039,100046,100067);
INSERT INTO `users_answers` (`user_answer_id`,`user_id`,`answer_id`) VALUES (100040,100046,100067);
INSERT INTO `users_answers` (`user_answer_id`,`user_id`,`answer_id`) VALUES (100041,100046,100072);
INSERT INTO `users_answers` (`user_answer_id`,`user_id`,`answer_id`) VALUES (100042,100030,100074);
INSERT INTO `users_answers` (`user_answer_id`,`user_id`,`answer_id`) VALUES (100043,100033,100074);
INSERT INTO `users_answers` (`user_answer_id`,`user_id`,`answer_id`) VALUES (100044,100035,100074);
INSERT INTO `users_answers` (`user_answer_id`,`user_id`,`answer_id`) VALUES (100045,100035,100084);
INSERT INTO `users_answers` (`user_answer_id`,`user_id`,`answer_id`) VALUES (100046,100044,100084);
INSERT INTO `users_answers` (`user_answer_id`,`user_id`,`answer_id`) VALUES (100047,100044,100090);
INSERT INTO `users_answers` (`user_answer_id`,`user_id`,`answer_id`) VALUES (100048,100046,100095);
INSERT INTO `users_answers` (`user_answer_id`,`user_id`,`answer_id`) VALUES (100049,100046,100095);
INSERT INTO `users_answers` (`user_answer_id`,`user_id`,`answer_id`) VALUES (100050,100046,100095);
INSERT INTO `users_answers` (`user_answer_id`,`user_id`,`answer_id`) VALUES (100051,100029,100000);
INSERT INTO `users_answers` (`user_answer_id`,`user_id`,`answer_id`) VALUES (100052,100029,100000);
INSERT INTO `users_answers` (`user_answer_id`,`user_id`,`answer_id`) VALUES (100053,100029,100010);
INSERT INTO `users_answers` (`user_answer_id`,`user_id`,`answer_id`) VALUES (100054,100038,100010);
INSERT INTO `users_answers` (`user_answer_id`,`user_id`,`answer_id`) VALUES (100055,100038,100010);
INSERT INTO `users_answers` (`user_answer_id`,`user_id`,`answer_id`) VALUES (100056,100045,100017);
INSERT INTO `users_answers` (`user_answer_id`,`user_id`,`answer_id`) VALUES (100057,100029,100017);
INSERT INTO `users_answers` (`user_answer_id`,`user_id`,`answer_id`) VALUES (100058,100029,100021);
INSERT INTO `users_answers` (`user_answer_id`,`user_id`,`answer_id`) VALUES (100059,100029,100024);
INSERT INTO `users_answers` (`user_answer_id`,`user_id`,`answer_id`) VALUES (100060,100033,100024);
INSERT INTO `users_answers` (`user_answer_id`,`user_id`,`answer_id`) VALUES (100061,100033,100024);
INSERT INTO `users_answers` (`user_answer_id`,`user_id`,`answer_id`) VALUES (100062,100033,100003);
INSERT INTO `users_answers` (`user_answer_id`,`user_id`,`answer_id`) VALUES (100063,100035,100003);
INSERT INTO `users_answers` (`user_answer_id`,`user_id`,`answer_id`) VALUES (100064,100035,100003);
INSERT INTO `users_answers` (`user_answer_id`,`user_id`,`answer_id`) VALUES (100065,100035,100005);
INSERT INTO `users_answers` (`user_answer_id`,`user_id`,`answer_id`) VALUES (100066,100040,100009);
INSERT INTO `users_answers` (`user_answer_id`,`user_id`,`answer_id`) VALUES (100067,100049,100016);
INSERT INTO `users_answers` (`user_answer_id`,`user_id`,`answer_id`) VALUES (100068,100049,100016);
INSERT INTO `users_answers` (`user_answer_id`,`user_id`,`answer_id`) VALUES (100069,100029,100016);
INSERT INTO `users_answers` (`user_answer_id`,`user_id`,`answer_id`) VALUES (100070,100029,100001);
INSERT INTO `users_answers` (`user_answer_id`,`user_id`,`answer_id`) VALUES (100071,100038,100001);
INSERT INTO `users_answers` (`user_answer_id`,`user_id`,`answer_id`) VALUES (100072,100038,100007);
INSERT INTO `users_answers` (`user_answer_id`,`user_id`,`answer_id`) VALUES (100073,100041,100007);
INSERT INTO `users_answers` (`user_answer_id`,`user_id`,`answer_id`) VALUES (100074,100041,100007);
INSERT INTO `users_answers` (`user_answer_id`,`user_id`,`answer_id`) VALUES (100075,100048,100015);
INSERT INTO `users_answers` (`user_answer_id`,`user_id`,`answer_id`) VALUES (100076,100048,100015);
INSERT INTO `users_answers` (`user_answer_id`,`user_id`,`answer_id`) VALUES (100077,100048,100015);
INSERT INTO `users_answers` (`user_answer_id`,`user_id`,`answer_id`) VALUES (100078,100031,100022);
INSERT INTO `users_answers` (`user_answer_id`,`user_id`,`answer_id`) VALUES (100079,100039,100022);
INSERT INTO `users_answers` (`user_answer_id`,`user_id`,`answer_id`) VALUES (100080,100039,100023);
INSERT INTO `users_answers` (`user_answer_id`,`user_id`,`answer_id`) VALUES (100081,100039,100026);
INSERT INTO `users_answers` (`user_answer_id`,`user_id`,`answer_id`) VALUES (100082,100044,100028);
INSERT INTO `users_answers` (`user_answer_id`,`user_id`,`answer_id`) VALUES (100083,100044,100028);
INSERT INTO `users_answers` (`user_answer_id`,`user_id`,`answer_id`) VALUES (100084,100028,100034);
INSERT INTO `users_answers` (`user_answer_id`,`user_id`,`answer_id`) VALUES (100085,100028,100034);
INSERT INTO `users_answers` (`user_answer_id`,`user_id`,`answer_id`) VALUES (100086,100035,100036);
INSERT INTO `users_answers` (`user_answer_id`,`user_id`,`answer_id`) VALUES (100087,100035,100036);
INSERT INTO `users_answers` (`user_answer_id`,`user_id`,`answer_id`) VALUES (100088,100036,100036);
INSERT INTO `users_answers` (`user_answer_id`,`user_id`,`answer_id`) VALUES (100089,100036,100042);
INSERT INTO `users_answers` (`user_answer_id`,`user_id`,`answer_id`) VALUES (100090,100036,100042);
INSERT INTO `users_answers` (`user_answer_id`,`user_id`,`answer_id`) VALUES (100091,100046,100042);
INSERT INTO `users_answers` (`user_answer_id`,`user_id`,`answer_id`) VALUES (100092,100046,100052);
INSERT INTO `users_answers` (`user_answer_id`,`user_id`,`answer_id`) VALUES (100093,100029,100052);
INSERT INTO `users_answers` (`user_answer_id`,`user_id`,`answer_id`) VALUES (100094,100029,100055);
INSERT INTO `users_answers` (`user_answer_id`,`user_id`,`answer_id`) VALUES (100095,100037,100055);
INSERT INTO `users_answers` (`user_answer_id`,`user_id`,`answer_id`) VALUES (100096,100037,100059);
INSERT INTO `users_answers` (`user_answer_id`,`user_id`,`answer_id`) VALUES (100097,100037,100063);
INSERT INTO `users_answers` (`user_answer_id`,`user_id`,`answer_id`) VALUES (100098,100041,100063);
INSERT INTO `users_answers` (`user_answer_id`,`user_id`,`answer_id`) VALUES (100099,100045,100063);
INSERT INTO `users_answers` (`user_answer_id`,`user_id`,`answer_id`) VALUES (100100,100045,100071);
INSERT INTO `users_answers` (`user_answer_id`,`user_id`,`answer_id`) VALUES (100101,100025,100071);
INSERT INTO `users_answers` (`user_answer_id`,`user_id`,`answer_id`) VALUES (100102,100025,100071);
INSERT INTO `users_answers` (`user_answer_id`,`user_id`,`answer_id`) VALUES (100103,100031,100076);
INSERT INTO `users_answers` (`user_answer_id`,`user_id`,`answer_id`) VALUES (100104,100034,100076);
INSERT INTO `users_answers` (`user_answer_id`,`user_id`,`answer_id`) VALUES (100105,100034,100076);
INSERT INTO `users_answers` (`user_answer_id`,`user_id`,`answer_id`) VALUES (100106,100034,100078);
INSERT INTO `users_answers` (`user_answer_id`,`user_id`,`answer_id`) VALUES (100107,100043,100079);
INSERT INTO `users_answers` (`user_answer_id`,`user_id`,`answer_id`) VALUES (100108,100043,100079);
INSERT INTO `users_answers` (`user_answer_id`,`user_id`,`answer_id`) VALUES (100109,100043,100083);
INSERT INTO `users_answers` (`user_answer_id`,`user_id`,`answer_id`) VALUES (100110,100045,100083);
INSERT INTO `users_answers` (`user_answer_id`,`user_id`,`answer_id`) VALUES (100111,100045,100083);
INSERT INTO `users_answers` (`user_answer_id`,`user_id`,`answer_id`) VALUES (100112,100027,100087);
INSERT INTO `users_answers` (`user_answer_id`,`user_id`,`answer_id`) VALUES (100113,100027,100087);
INSERT INTO `users_answers` (`user_answer_id`,`user_id`,`answer_id`) VALUES (100114,100027,100097);
INSERT INTO `users_answers` (`user_answer_id`,`user_id`,`answer_id`) VALUES (100115,100031,100097);
INSERT INTO `users_answers` (`user_answer_id`,`user_id`,`answer_id`) VALUES (100116,100031,100076);
INSERT INTO `users_answers` (`user_answer_id`,`user_id`,`answer_id`) VALUES (100117,100037,100076);
INSERT INTO `users_answers` (`user_answer_id`,`user_id`,`answer_id`) VALUES (100118,100037,100082);
INSERT INTO `users_answers` (`user_answer_id`,`user_id`,`answer_id`) VALUES (100119,100046,100082);
INSERT INTO `users_answers` (`user_answer_id`,`user_id`,`answer_id`) VALUES (100120,100030,100082);
INSERT INTO `users_answers` (`user_answer_id`,`user_id`,`answer_id`) VALUES (100121,100034,100089);
INSERT INTO `users_answers` (`user_answer_id`,`user_id`,`answer_id`) VALUES (100122,100034,100097);
INSERT INTO `users_answers` (`user_answer_id`,`user_id`,`answer_id`) VALUES (100123,100040,100097);
INSERT INTO `users_answers` (`user_answer_id`,`user_id`,`answer_id`) VALUES (100124,100045,100097);
INSERT INTO `users_answers` (`user_answer_id`,`user_id`,`answer_id`) VALUES (100125,100028,100098);
INSERT INTO `users_answers` (`user_answer_id`,`user_id`,`answer_id`) VALUES (100126,100030,100098);
INSERT INTO `users_answers` (`user_answer_id`,`user_id`,`answer_id`) VALUES (100127,100030,100075);
INSERT INTO `users_answers` (`user_answer_id`,`user_id`,`answer_id`) VALUES (100128,100030,100075);
INSERT INTO `users_answers` (`user_answer_id`,`user_id`,`answer_id`) VALUES (100129,100033,100075);
INSERT INTO `users_answers` (`user_answer_id`,`user_id`,`answer_id`) VALUES (100130,100033,100078);
INSERT INTO `users_answers` (`user_answer_id`,`user_id`,`answer_id`) VALUES (100131,100041,100079);
INSERT INTO `users_answers` (`user_answer_id`,`user_id`,`answer_id`) VALUES (100132,100047,100079);
INSERT INTO `users_answers` (`user_answer_id`,`user_id`,`answer_id`) VALUES (100133,100047,100079);
INSERT INTO `users_answers` (`user_answer_id`,`user_id`,`answer_id`) VALUES (100134,100047,100085);
INSERT INTO `users_answers` (`user_answer_id`,`user_id`,`answer_id`) VALUES (100135,100032,100085);
INSERT INTO `users_answers` (`user_answer_id`,`user_id`,`answer_id`) VALUES (100136,100032,100086);
INSERT INTO `users_answers` (`user_answer_id`,`user_id`,`answer_id`) VALUES (100137,100032,100086);
INSERT INTO `users_answers` (`user_answer_id`,`user_id`,`answer_id`) VALUES (100138,100042,100086);
INSERT INTO `users_answers` (`user_answer_id`,`user_id`,`answer_id`) VALUES (100139,100044,100089);
INSERT INTO `users_answers` (`user_answer_id`,`user_id`,`answer_id`) VALUES (100140,100027,100089);
INSERT INTO `users_answers` (`user_answer_id`,`user_id`,`answer_id`) VALUES (100141,100033,100089);
INSERT INTO `users_answers` (`user_answer_id`,`user_id`,`answer_id`) VALUES (100142,100043,100099);
INSERT INTO `users_answers` (`user_answer_id`,`user_id`,`answer_id`) VALUES (100143,100043,100099);
INSERT INTO `users_answers` (`user_answer_id`,`user_id`,`answer_id`) VALUES (100144,100043,100099);
INSERT INTO `users_answers` (`user_answer_id`,`user_id`,`answer_id`) VALUES (100145,100044,100075);
INSERT INTO `users_answers` (`user_answer_id`,`user_id`,`answer_id`) VALUES (100146,100045,100085);
INSERT INTO `users_answers` (`user_answer_id`,`user_id`,`answer_id`) VALUES (100147,100045,100088);
INSERT INTO `users_answers` (`user_answer_id`,`user_id`,`answer_id`) VALUES (100148,100045,100089);
INSERT INTO `users_answers` (`user_answer_id`,`user_id`,`answer_id`) VALUES (100149,100026,100089);
INSERT INTO `users_answers` (`user_answer_id`,`user_id`,`answer_id`) VALUES (100150,100026,100094);
INSERT INTO `users_answers` (`user_answer_id`,`user_id`,`answer_id`) VALUES (100151,100036,100094);
INSERT INTO `users_answers` (`user_answer_id`,`user_id`,`answer_id`) VALUES (100152,100036,100075);
INSERT INTO `users_answers` (`user_answer_id`,`user_id`,`answer_id`) VALUES (100153,100036,100080);
INSERT INTO `users_answers` (`user_answer_id`,`user_id`,`answer_id`) VALUES (100154,100040,100080);
INSERT INTO `users_answers` (`user_answer_id`,`user_id`,`answer_id`) VALUES (100155,100025,100087);
INSERT INTO `users_answers` (`user_answer_id`,`user_id`,`answer_id`) VALUES (100156,100025,100087);
INSERT INTO `users_answers` (`user_answer_id`,`user_id`,`answer_id`) VALUES (100157,100025,100096);
INSERT INTO `users_answers` (`user_answer_id`,`user_id`,`answer_id`) VALUES (100158,100031,100096);
INSERT INTO `users_answers` (`user_answer_id`,`user_id`,`answer_id`) VALUES (100159,100032,100097);
INSERT INTO `users_answers` (`user_answer_id`,`user_id`,`answer_id`) VALUES (100160,100032,100097);
INSERT INTO `users_answers` (`user_answer_id`,`user_id`,`answer_id`) VALUES (100161,100039,100097);
INSERT INTO `users_answers` (`user_answer_id`,`user_id`,`answer_id`) VALUES (100162,100039,100081);
INSERT INTO `users_answers` (`user_answer_id`,`user_id`,`answer_id`) VALUES (100163,100039,100081);
INSERT INTO `users_answers` (`user_answer_id`,`user_id`,`answer_id`) VALUES (100164,100044,100081);
INSERT INTO `users_answers` (`user_answer_id`,`user_id`,`answer_id`) VALUES (100165,100045,100083);
INSERT INTO `users_answers` (`user_answer_id`,`user_id`,`answer_id`) VALUES (100166,100047,100092);
INSERT INTO `users_answers` (`user_answer_id`,`user_id`,`answer_id`) VALUES (100167,100047,100077);
INSERT INTO `users_answers` (`user_answer_id`,`user_id`,`answer_id`) VALUES (100168,100047,100086);
INSERT INTO `users_answers` (`user_answer_id`,`user_id`,`answer_id`) VALUES (100169,100032,100086);
INSERT INTO `users_answers` (`user_answer_id`,`user_id`,`answer_id`) VALUES (100170,100039,100092);
INSERT INTO `users_answers` (`user_answer_id`,`user_id`,`answer_id`) VALUES (100171,100039,100099);
INSERT INTO `users_answers` (`user_answer_id`,`user_id`,`answer_id`) VALUES (100172,100045,100099);
INSERT INTO `users_answers` (`user_answer_id`,`user_id`,`answer_id`) VALUES (100173,100045,100075);
INSERT INTO `users_answers` (`user_answer_id`,`user_id`,`answer_id`) VALUES (100174,100045,100084);
INSERT INTO `users_answers` (`user_answer_id`,`user_id`,`answer_id`) VALUES (100175,100028,100084);
INSERT INTO `users_answers` (`user_answer_id`,`user_id`,`answer_id`) VALUES (100176,100028,100086);
INSERT INTO `users_answers` (`user_answer_id`,`user_id`,`answer_id`) VALUES (100177,100031,100095);
INSERT INTO `users_answers` (`user_answer_id`,`user_id`,`answer_id`) VALUES (100178,100040,100097);
INSERT INTO `users_answers` (`user_answer_id`,`user_id`,`answer_id`) VALUES (100179,100040,100078);
INSERT INTO `users_answers` (`user_answer_id`,`user_id`,`answer_id`) VALUES (100180,100040,100078);
INSERT INTO `users_answers` (`user_answer_id`,`user_id`,`answer_id`) VALUES (100181,100045,100078);
INSERT INTO `users_answers` (`user_answer_id`,`user_id`,`answer_id`) VALUES (100182,100045,100080);
INSERT INTO `users_answers` (`user_answer_id`,`user_id`,`answer_id`) VALUES (100183,100028,100080);
INSERT INTO `users_answers` (`user_answer_id`,`user_id`,`answer_id`) VALUES (100184,100028,100080);
INSERT INTO `users_answers` (`user_answer_id`,`user_id`,`answer_id`) VALUES (100185,100031,100088);
INSERT INTO `users_answers` (`user_answer_id`,`user_id`,`answer_id`) VALUES (100186,100032,100088);
INSERT INTO `users_answers` (`user_answer_id`,`user_id`,`answer_id`) VALUES (100187,100032,100088);
INSERT INTO `users_answers` (`user_answer_id`,`user_id`,`answer_id`) VALUES (100188,100032,100098);
INSERT INTO `users_answers` (`user_answer_id`,`user_id`,`answer_id`) VALUES (100189,100033,100099);
INSERT INTO `users_answers` (`user_answer_id`,`user_id`,`answer_id`) VALUES (100190,100033,100099);
INSERT INTO `users_answers` (`user_answer_id`,`user_id`,`answer_id`) VALUES (100191,100033,100082);
INSERT INTO `users_answers` (`user_answer_id`,`user_id`,`answer_id`) VALUES (100192,100036,100082);
INSERT INTO `users_answers` (`user_answer_id`,`user_id`,`answer_id`) VALUES (100193,100036,100082);
INSERT INTO `users_answers` (`user_answer_id`,`user_id`,`answer_id`) VALUES (100194,100046,100084);
INSERT INTO `users_answers` (`user_answer_id`,`user_id`,`answer_id`) VALUES (100195,100046,100084);
INSERT INTO `users_answers` (`user_answer_id`,`user_id`,`answer_id`) VALUES (100196,100027,100084);
INSERT INTO `users_answers` (`user_answer_id`,`user_id`,`answer_id`) VALUES (100197,100027,100091);
INSERT INTO `users_answers` (`user_answer_id`,`user_id`,`answer_id`) VALUES (100198,100036,100091);
INSERT INTO `users_answers` (`user_answer_id`,`user_id`,`answer_id`) VALUES (100199,100036,100095);



